profile_pic,nums_length_username,fullname_words,network_ratio
1,0.0,3,0.26
1,0.0,1,1.69
1,0.0,3,1.28
0,0.25,3,2.45
1,0.0,1,1.11
1,0.0,2,0.75
1,0.0,2,0.22
0,0.25,2,0.68
1,0.0,2,0.76
1,0.3333333333333333,1,1.51
1,0.2222222222222222,3,0.7
1,0.0,3,0.95
1,0.0,1,2.02
1,0.0,1,2.21
1,0.0,3,2.33
1,0.0,1,1.39
0,0.2857142857142857,2,1.6
0,0.0,1,1.16
0,0.0,2,0.68
0,0.1538461538461538,2,1.82
